{"cameraMode":{"drawMode":0,"name":"Shaded","section":"Shading Mode"},"sceneLighting":false,"audioPlay":false,"sceneViewState":{"showFog":true,"showMaterialUpdate":false,"showSkybox":false,"showFlares":true,"showImageEffects":true,"showParticleSystems":true},"in2DMode":false,"pivot":{"x":-0.0013247579336166382,"y":0.6837329268455505,"z":-0.6397245526313782},"rotation":{"x":0.1856197714805603,"y":0.45668700337409975,"z":-0.09805534034967423,"w":0.8645098805427551},"size":0.8255788683891296,"orthographic":true}